scope,factor_category,subtype_key,basis,region,unit,co2e_factor,notes
SCOPE_1,stationary_combustion_natural_gas,,STANDARD,UK,kWh,0.18296,"DESNZ 2025 full-set (advanced users), 2025-full-set.xlsx, sheet Fuels: Gaseous fuels > Natural gas, kWh (Gross CV)"
SCOPE_1,stationary_combustion_diesel,,STANDARD,UK,litres,2.57082,"DESNZ 2025 full-set (advanced users), 2025-full-set.xlsx, sheet Fuels: Liquid fuels > Diesel (average biofuel blend), litres"
SCOPE_1,mobile_combustion_fuel,petrol,STANDARD,UK,litres,2.06916,"DESNZ 2025 full-set (advanced users), 2025-full-set.xlsx, sheet Fuels: Liquid fuels > Petrol (average biofuel blend), litres"
SCOPE_1,mobile_combustion_fuel,diesel,STANDARD,UK,litres,2.57082,"DESNZ 2025 full-set (advanced users), 2025-full-set.xlsx, sheet Fuels: Liquid fuels > Diesel (average biofuel blend), litres (same as stationary diesel)"
SCOPE_1,mobile_combustion_mileage,car_petrol_avg,STANDARD,UK,miles,0.26187,"DESNZ 2025 full-set (advanced users), 2025-full-set.xlsx, sheet Passenger vehicles: Cars (by size) > Average car > Petrol, miles"
SCOPE_1,mobile_combustion_mileage,car_diesel_avg,STANDARD,UK,miles,0.27849,"DESNZ 2025 full-set (advanced users), 2025-full-set.xlsx, sheet Passenger vehicles: Cars (by size) > Average car > Diesel, miles"
SCOPE_1,mobile_combustion_mileage,car_hybrid_avg,STANDARD,UK,miles,0.20639,"DESNZ 2025 full-set (advanced users), 2025-full-set.xlsx, sheet Passenger vehicles: Cars (by size) > Average car > Hybrid, miles"
SCOPE_1,mobile_combustion_mileage,car_electric,STANDARD,UK,miles,0.0,"DESNZ 2025 full-set (advanced users), 2025-full-set.xlsx, sheet Passenger vehicles: Cars (by size) > Average car > Battery Electric Vehicle, miles -- Scope 1 tailpipe only, 0 kgCO2e/mile (see README)."
SCOPE_1,mobile_combustion_mileage,motorbike_avg,STANDARD,UK,miles,0.18293,"DESNZ 2025 full-set (advanced users), 2025-full-set.xlsx, sheet Passenger vehicles: Motorbike > Average, miles"
SCOPE_1,fugitive_refrigerant,r410a,STANDARD,UK,kg,1924.0,"DESNZ 2025 full-set (advanced users), 2025-full-set.xlsx, sheet Refrigerant & other: Blends > R410A, Total emissions incl. non-Kyoto products"
SCOPE_1,fugitive_refrigerant,r404a,STANDARD,UK,kg,3943.0,"DESNZ 2025 full-set (advanced users), 2025-full-set.xlsx, sheet Refrigerant & other: Blends > R404A, Total emissions incl. non-Kyoto products"
SCOPE_1,fugitive_refrigerant,r134a,STANDARD,UK,kg,1300.0,"DESNZ 2025 full-set (advanced users), 2025-full-set.xlsx, sheet Refrigerant & other: Kyoto protocol products > HFC-134a (=R134a), Total emissions incl. non-Kyoto products"
SCOPE_1,fugitive_refrigerant,r32,STANDARD,UK,kg,677.0,"DESNZ 2025 full-set (advanced users), 2025-full-set.xlsx, sheet Refrigerant & other: Kyoto protocol products > HFC-32 (=R32), Total emissions incl. non-Kyoto products"
SCOPE_2,grid_electricity,,LOCATION_BASED,UK,kWh,0.177,"DESNZ 2025 full-set (advanced users), 2025-full-set.xlsx, sheet UK electricity: Electricity generated > Electricity: UK, kWh"
SCOPE_2,grid_electricity,,RESIDUAL_MIX,UK,kWh,0.177,"Same as location-based (DESNZ 2025 full-set (advanced users), 2025-full-set.xlsx, sheet UK electricity) -- DESNZ publishes no separate UK residual-mix figure; reused as a stated simplification, see README #26."
SCOPE_2,grid_electricity,,MARKET_BASED,UK,kWh,0.0,Not a DESNZ figure -- zero-rated business-rule simplification for REGO/green-tariff-backed sites (see README #5).
SCOPE_2,purchased_heat_steam,,STANDARD,UK,kWh,0.17529,"DESNZ 2025 full-set (advanced users), 2025-full-set.xlsx, sheet Heat and steam: Heat and steam > District heat and steam, kWh"
SCOPE_3,business_travel,rail,STANDARD,UK,km,0.03546,"DESNZ 2025 full-set (advanced users), 2025-full-set.xlsx, sheet Business travel- land: Rail > National rail, passenger.km"
SCOPE_3,business_travel,flight_domestic,STANDARD,UK,km,0.22928,"DESNZ 2025 full-set (advanced users), 2025-full-set.xlsx, sheet Business travel- air: Flights > Domestic, to/from UK > Average passenger > With RF, passenger.km"
SCOPE_3,business_travel,flight_short_haul,STANDARD,UK,km,0.12786,"DESNZ 2025 full-set (advanced users), 2025-full-set.xlsx, sheet Business travel- air: Flights > Short-haul, to/from UK > Average passenger > With RF, passenger.km"
SCOPE_3,business_travel,flight_long_haul,STANDARD,UK,km,0.15282,"DESNZ 2025 full-set (advanced users), 2025-full-set.xlsx, sheet Business travel- air: Flights > Long-haul, to/from UK > Average passenger > With RF, passenger.km"
SCOPE_3,business_travel,hotel,STANDARD,UK,nights,10.4,"DESNZ 2025 full-set (advanced users), 2025-full-set.xlsx, sheet Hotel stay: Hotel stay > UK, Room per night -- used for every stay regardless of destination, see README #25"
SCOPE_3,employee_commuting,commute_car_petrol_avg,STANDARD,UK,miles,0.26187,"DESNZ 2025 full-set (advanced users), 2025-full-set.xlsx, sheet Business travel- land: Cars (by size) > Average car > Petrol, miles"
SCOPE_3,employee_commuting,commute_car_diesel_avg,STANDARD,UK,miles,0.27849,"DESNZ 2025 full-set (advanced users), 2025-full-set.xlsx, sheet Business travel- land: Cars (by size) > Average car > Diesel, miles"
SCOPE_3,employee_commuting,commute_car_electric,STANDARD,UK,miles,0.06512,"DESNZ 2025 full-set (advanced users), 2025-full-set.xlsx, sheet Business travel- land: Cars (by size) > Average car > Battery Electric Vehicle, miles"
SCOPE_3,employee_commuting,commute_motorbike,STANDARD,UK,miles,0.18294,"DESNZ 2025 full-set (advanced users), 2025-full-set.xlsx, sheet Business travel- land: Motorbike > Average, miles"
SCOPE_3,employee_commuting,commute_bus,STANDARD,UK,miles,0.1671303744,"Converted from DESNZ 2025 full-set (advanced users), 2025-full-set.xlsx, sheet Business travel- land: Bus > Average local bus, passenger.km (0.10385 x 1.609344 km/mile) -- no miles column published for bus"
SCOPE_3,employee_commuting,commute_rail,STANDARD,UK,miles,0.05706733824,"Converted from DESNZ 2025 full-set (advanced users), 2025-full-set.xlsx, sheet Business travel- land: Rail > National rail, passenger.km (0.03546 x 1.609344 km/mile) -- no miles column published for rail"
SCOPE_3,employee_commuting,commute_active,STANDARD,UK,miles,0.0,"Not a DESNZ lookup -- cycling/walking is definitionally zero-emission, see README #28"
SCOPE_3,employee_commuting,commute_wfh,STANDARD,UK,miles,0.0,"Not a DESNZ lookup -- no commute occurs, see README #28"
SCOPE_3,wtt_natural_gas,,STANDARD,UK,kWh,0.03021,"DESNZ 2025 full-set (advanced users), 2025-full-set.xlsx, sheet WTT- fuels: Gaseous fuels > Natural gas, kWh (Gross CV)"
SCOPE_3,wtt_diesel,,STANDARD,UK,litres,0.61101,"DESNZ 2025 full-set (advanced users), 2025-full-set.xlsx, sheet WTT- fuels: Liquid fuels > Diesel (average biofuel blend), litres"
SCOPE_3,wtt_road_fuel,petrol,STANDARD,UK,litres,0.58094,"DESNZ 2025 full-set (advanced users), 2025-full-set.xlsx, sheet WTT- fuels: Liquid fuels > Petrol (average biofuel blend), litres"
SCOPE_3,wtt_road_fuel,diesel,STANDARD,UK,litres,0.61101,"DESNZ 2025 full-set (advanced users), 2025-full-set.xlsx, sheet WTT- fuels: Liquid fuels > Diesel (average biofuel blend), litres (same as WTT stationary diesel)"
SCOPE_3,wtt_mileage,car_petrol_avg,STANDARD,UK,miles,0.07401,"DESNZ 2025 full-set (advanced users), 2025-full-set.xlsx, sheet WTT- pass vehs & travel- land: WTT- cars (by size) > Average car > Petrol, miles"
SCOPE_3,wtt_mileage,car_diesel_avg,STANDARD,UK,miles,0.06673,"DESNZ 2025 full-set (advanced users), 2025-full-set.xlsx, sheet WTT- pass vehs & travel- land: WTT- cars (by size) > Average car > Diesel, miles"
SCOPE_3,wtt_mileage,car_hybrid_avg,STANDARD,UK,miles,0.05335,"DESNZ 2025 full-set (advanced users), 2025-full-set.xlsx, sheet WTT- pass vehs & travel- land: WTT- cars (by size) > Average car > Hybrid, miles"
SCOPE_3,wtt_mileage,car_electric,STANDARD,UK,miles,0.01688,"DESNZ 2025 full-set (advanced users), 2025-full-set.xlsx, sheet WTT- pass vehs & travel- land: WTT- cars (by size) > Average car > Battery Electric Vehicle, miles"
SCOPE_3,wtt_mileage,motorbike_avg,STANDARD,UK,miles,0.04757,"DESNZ 2025 full-set (advanced users), 2025-full-set.xlsx, sheet WTT- pass vehs & travel- land: WTT- motorbike > Average, miles"
SCOPE_3,td_losses_electricity,,STANDARD,UK,kWh,0.01853,"DESNZ 2025 full-set (advanced users), 2025-full-set.xlsx, sheet Transmission and distribution: T&D- UK electricity > Electricity: UK, kWh"
